Name,CreekID,Total_m,WBID,CLASS,WBIDLen_m
Rock Creek,CC01,6443.08291,2052,3M,6069.93204
Rock Creek,CC01,6443.08291,1983B,2,373.1508699
Oyster Creek,CC02,10175.16664,1983B,2,285.8520227
Oyster Creek,CC02,10175.16664,2067,3M,9889.314621
Buck Creek,CC03,2251.188413,1983B,2,316.0468081
Buck Creek,CC03,2251.188413,2068,3M,1935.141605
Buck Creek,CC04,1742.191393,2078A,2,1742.191393
Coral Creek,CC05,7046.536165,2078B,2,6848.504687
Coral Creek,CC05,7046.536165,2078A,2,198.0314778
Catfish Creek,CC06,6576.498801,2065C,2,3277.746678
Catfish Creek,CC06,6576.498801,2080,3M,3298.752123
,CC07,1222.895658,2066,3M,995.2037745
,CC07,1222.895658,2065C,2,227.6918836
Big Muddy Creek,CC08,1496.785293,2066,3M,1496.785293
,CC09,1977.526905,2066,3M,1977.526905
Trout Creek,CC10,11561.82862,2066,3M,10608.67447
Trout Creek,CC10,11561.82862,1991A,2,953.1541505
,CC100,2314.127307,2056E,3M,2309.37541
,CC100,2314.127307,2056B,3M,4.751896572
,CC101,1503.857139,2056E,3M,1503.857139
,CC102,2378.087111,2056E,3M,2378.087111
,CC103,1857.79299,2056C1,3M,1857.79299
Lee Branch,CC104,12628.12432,2035,3F,12628.12432
,CC105,9637.875796,2041A,3M,6009.581741
,CC105,9637.875796,2041B,1,3628.294055
Rock Creek,CC15,5442.841007,2045,3M,5106.474909
Rock Creek,CC15,5442.841007,1991B,2,336.3660979
Apollo Waterway,CC16,12571.58488,2043,3M,11974.77013
Apollo Waterway,CC16,12571.58488,1991B,2,442.626269
Apollo Waterway,CC16,12571.58488,2010B,3F,147.1915636
Apollo Waterway,CC16,12571.58488,2025,3F,6.996918699
,CC17,2881.822719,1991B,2,2419.882767
,CC17,2881.822719,1991A,2,461.939952
Sam Knight Creek,CC18,4931.819234,2048A,3M,4931.819234
Sam Knight Creek,CC19,2659.604744,2048A,3M,2659.604744
,CC20,2053.42807,2055,2,41.67760185
,CC20,2053.42807,2048A,3M,2011.750468
Huckaby Creek,CC21,2470.049722,2048B,3M,2122.05361
Huckaby Creek,CC21,2470.049722,2055,2,347.9961121
,CC22,896.5803939,2048C,3M,117.3658741
,CC22,896.5803939,2055,2,779.2145198
,CC23,1288.079284,2055,2,1107.905168
,CC23,1288.079284,2047,3M,180.1741163
,CC24,1656.097178,2055,2,1539.982205
,CC24,1656.097178,2047,3M,116.1149731
,CC25,1343.741891,2060A1,2,1343.741891
,CC26,497.1462315,2060A1,2,497.1462315
,CC28,860.4679448,2060,3M,860.4679448
,CC29,964.0312644,2047,3M,221.3959992
,CC29,964.0312644,2060,3M,742.6352652
,CC30,3699.626541,2056D,3M,89.30454918
,CC30,3699.626541,2047,3M,2654.419776
,CC30,3699.626541,2060,3M,955.9022153
,CC31,1699.118291,2046,3M,1699.118291
Little Alligator Creek,CC34,6905.401342,2056D,3M,12.19614789
Little Alligator Creek,CC34,6905.401342,2056E,3M,6893.205194
,CC36,3290.323778,2056D,3M,13.07995758
,CC36,3290.323778,2056E,3M,3277.243821
,CC37,2367.464208,2056E,3M,2367.464208
,CC40,1436.965715,2056E,3M,1436.965715
,CC41,1258.83241,2056E,3M,1258.83241
,CC42,2390.739086,2056E,3M,2390.739086
,CC44,794.1261859,2056C2,3M,794.1261859
,CC45,5296.385922,2056E,3M,111.3180422
,CC45,5296.385922,2056C2,3M,5185.06788
,CC46,1296.419153,2056C2,3M,1296.419153
,CC47,1617.091502,2056C1,3M,1617.091502
,CC48,9413.726175,2065C,2,3198.93276
,CC48,9413.726175,2080,3M,2108.127562
,CC48,9413.726175,2087,3M,4106.665853
,CC49,2873.366518,1991B,2,2873.366518
,CC50,4214.993032,2055,2,93.32787197
,CC50,4214.993032,2053,2,1007.566709
,CC50,4214.993032,1991A,2,3114.098451
,CC51,1690.833813,2041A,3M,1690.833813
,CC52,1588.279519,2041A,3M,1588.279519
Myrtle Slough,CC53,7362.441273,2054,3F,6996.636423
Myrtle Slough,CC53,7362.441273,2041A,3M,365.8048495
,CC54,2082.155851,2041A,3M,2082.155851
,CC55,1676.674169,2059,3M,1676.674169
,CC56,1273.908742,2059,3M,1273.908742
North Fork Alligator Creek,CC57,6663.744271,2062,3F,3218.688705
North Fork Alligator Creek,CC57,6663.744271,2063,3M,3445.055566
,CC61,2555.914227,2073,3M,2543.789417
,CC61,2555.914227,2065A,2,12.12480996
,CC62,1766.821725,2073,3M,1766.821725
North Fork Alligator Creek,CC64,5681.453207,2063,3M,3181.391736
North Fork Alligator Creek,CC64,5681.453207,2074B,3M,2500.061471
South Silcox Creek,CC67,7344.141199,2081,3F,6130.034684
South Silcox Creek,CC67,7344.141199,2084,3F,299.2706868
South Silcox Creek,CC67,7344.141199,2065B,2,914.8358288
Big Mound Creek,CC68,1479.090404,2084,3F,1455.242637
Big Mound Creek,CC68,1479.090404,2065B,2,23.84776738
,CC69,14697.86442,2084,3F,2868.981181
,CC69,14697.86442,2086,3F,7345.695935
,CC69,14697.86442,2088,3F,4483.187302
Pirate Canal,CC70,5401.524778,2082A,3F,5387.600486
Pirate Canal,CC70,5401.524778,2065B,2,13.92429184
,CC71,281.1705879,2065B,2,281.1705879
Bear Branch,CC72,2799.92229,2094,3F,2799.92229
Hog Branch,CC73,3260.491442,2093A,3F,3260.491442
Whidden Creek,CC74,5868.450415,2079,2,5868.450413
,CC75,2053.697831,2065B,2,2053.697831
,CC76,1651.323308,2066,3M,531.6303633
,CC76,1651.323308,2065B,2,1119.692945
Lemon Creek,CC77,1711.125187,1983B,2,0.355634324
Lemon Creek,CC77,1711.125187,2076,3M,1710.769553
,CC78,744.9783656,2089,2,744.9783656
,CC79,484.0802283,2066,3M,3.966253356
,CC79,484.0802283,2065C,2,480.1139749
,CC80,1348.303662,2065C,2,1348.303662
,CC81,2495.745309,2065C,2,2495.745309
,CC82,1704.997061,2065C,2,1704.997061
,CC83,1810.635999,2065C,2,1810.635999
,CC84,4188.932926,2065B,2,4188.932926
,CC85,1189.774723,2065B,2,1189.774723
,CC86,2065.790703,2066,3M,1102.8609
,CC86,2065.790703,2065A,2,962.9298031
,CC87,1570.981561,2066,3M,1570.981561
,CC88,890.1274103,1991B,2,890.1274103
,CC89,683.9823598,1991B,2,683.9823598
,CC90,709.2805878,2055,2,709.2805878
,CC91,2087.916616,2048B,3M,1043.794295
,CC91,2087.916616,2055,2,775.3590205
,CC91,2087.916616,2048A,3M,268.7632999
Flopbuck Creek,CC92,1296.465584,2048C,3M,796.0128418
Flopbuck Creek,CC92,1296.465584,2055,2,500.4527426
,CC93,503.0566212,2048C,3M,163.3311272
,CC93,503.0566212,2055,2,339.725494
,CC94,1072.612316,2055,2,935.8401724
,CC94,1072.612316,2047,3M,136.7721436
,CC96,682.6091419,2056E,3M,682.6091419
,CC97,641.9764404,2056E,3M,641.9764404
,CC98,807.0299353,2056D,3M,21.25141665
,CC98,807.0299353,2056E,3M,785.7785186
,CC99,696.6836863,2056E,3M,696.6836863
,DC01,8238.209332,1623A,3F,142.3972794
,DC01,8238.209332,2033,3F,8095.812053
,DC03,2735.38094,1623A,3F,45.78994365
,DC03,2735.38094,2028,3F,2689.590996
,DC04,4971.957508,1623B,3F,926.6900392
,DC04,4971.957508,1623A,3F,3239.46988
,DC04,4971.957508,1787A2,1,805.7975885
,DC05,1217.327279,2003,3F,1038.129085
,DC05,1217.327279,1787A2,1,179.1981943
,DC06,2257.29553,2003,3F,2062.896293
,DC06,2257.29553,1787A2,1,194.399237
,DC07,8289.107272,1623B,3F,8289.107272
,DC08,947.7707348,1623A,3F,947.7707348
,DC09,3031.586651,1623A,3F,2385.033686
,DC09,3031.586651,2008,3F,646.5529645
,DC11,1757.112195,2056C1,3M,1757.112195
Double Branch Creek,HC01,8100.379058,1513E,3F,4815.910184
Double Branch Creek,HC01,8100.379058,1513F,2,3284.468874
,HC02,1826.131455,1513E,3F,650.9693686
,HC02,1826.131455,1513F,2,1175.162086
Channel A,HC03,7392.897705,1507,3F,3532.603283
Channel A,HC03,7392.897705,1507A,2,3860.294422
,HC04,1913.254376,1563,2,680.0857223
,HC04,1913.254376,1581,2,1233.168654
Rocky Creek/Channel G,HC05,16343.89077,1558I,2,29.27225947
Rocky Creek/Channel G,HC05,16343.89077,1507,3F,5016.439729
Rocky Creek/Channel G,HC05,16343.89077,1516,3F,3137.287333
Rocky Creek/Channel G,HC05,16343.89077,1563,2,8160.891447
Woods Creek,HC06,2055.531662,1587A,3M,1632.583665
Woods Creek,HC06,2055.531662,1558I,2,19.12307767
Woods Creek,HC06,2055.531662,1563,2,403.8249191
Peppermound Creek,HC07,2358.905338,1577A,3M,2356.706803
Peppermound Creek,HC07,2358.905338,1558I,2,2.198534527
Sweetwater Creek,HC08,12877.08144,1601A,2,78.23394891
Sweetwater Creek,HC08,12877.08144,1570A,3M,5171.253583
Sweetwater Creek,HC08,12877.08144,1570,3F,7627.593907
Fish Creek,HC09,7811.172205,1594,3M,7811.172205
Lemon Street Ditch,HC10,2454.680011,1606,3M,2454.680011
,HC13,2560.395264,1584A1,3M,2530.823731
,HC13,2560.395264,1536E,3M,29.57153318
,HC14,1929.053685,1536A,3F,1808.065639
,HC14,1929.053685,1536E,3M,120.9880463
,HC15,2151.296292,1615,3M,1507.102783
,HC15,2151.296292,1536E,3M,644.1935093
Ironhead Creek,HC16,3750.466531,1615,3M,3750.466531
Delaney Creek,HC17,14908.87312,1605,3F,10994.87779
Delaney Creek,HC17,14908.87312,1605D,3M,3913.995332
Port Sutton Ditch,HC18,2696.990436,1636,3M,2596.0411
Port Sutton Ditch,HC18,2696.990436,1637,3M,100.9493364
Verger Creek,HC19,3016.099029,1636,3M,29.97482813
Verger Creek,HC19,3016.099029,1637,3M,2986.124201
Delaney Creek Popoff,HC20,12871.45648,1632,3M,9974.028195
Delaney Creek Popoff,HC20,12871.45648,1605,3F,2834.479704
Delaney Creek Popoff,HC20,12871.45648,1628,3F,8.677539807
Delaney Creek Popoff,HC20,12871.45648,1558E,3M,54.27104351
North Archie Creek,HC21,6176.940422,1632,3M,547.7234607
North Archie Creek,HC21,6176.940422,1628A,3M,1537.931885
North Archie Creek,HC21,6176.940422,1628,3F,3999.966817
North Archie Creek,HC21,6176.940422,1558E,3M,91.31825902
South Archie Creek,HC22,8368.610506,1628A,3M,3696.867724
South Archie Creek,HC22,8368.610506,1628,3F,4289.396362
South Archie Creek,HC22,8368.610506,1558E,3M,382.3464202
Buckhorn Creek,HC23,1869.963768,1635B,3F,1869.963768
Rice Creek,HC24,2917.94921,1659,3F,2917.94921
Bullfrog Creek,HC25,21907.93518,1666,3F,15855.90124
Bullfrog Creek,HC25,21907.93518,1666A,3M,4354.314527
Bullfrog Creek,HC25,21907.93518,1686,3F,648.156358
Bullfrog Creek,HC25,21907.93518,1688,3F,975.9476976
Bullfrog Creek,HC25,21907.93518,1558D,3M,73.61536695
Jackson Branch,HC26,1629.254109,1693,3M,1629.254109
Newman Branch,HC27,2237.556433,1708,3M,2097.399413
Newman Branch,HC27,2237.556433,1693,3M,140.1570207
Beever Creek,HC28,3920.956865,1712,3M,3920.956865
,HC29,7776.764435,1719,3F,7776.764435
,HC30,6929.465277,1725,3M,6929.465277
,HC31,2719.730105,1725,3M,2464.572883
,HC31,2719.730105,1736,3F,255.1572222
Wolf Branch,HC32,9964.086447,1725,3M,4433.709808
Wolf Branch,HC32,9964.086447,1736,3F,5418.8178
Wolf Branch,HC32,9964.086447,1558C,2,111.5588389
Marsh Branch,HC33,8932.206728,1747B,3F,2909.375379
Marsh Branch,HC33,8932.206728,1742A1,3F,114.5842182
Marsh Branch,HC33,8932.206728,1747A,3M,5908.247131
Curiosity Creek,HC34,7105.035261,1798,3F,849.1064666
Curiosity Creek,HC34,7105.035261,1792,3F,4105.229906
Curiosity Creek,HC34,7105.035261,1742C1,3M,2150.698888
,HC35,2790.336685,1780,3M,2790.336685
Wildcat Creek,HC36,4597.014656,1779,3M,13.13074566
Wildcat Creek,HC36,4597.014656,1780,3M,4583.883911
Sun City Slough,HC37,4946.680159,1771,3M,4898.977147
Sun City Slough,HC37,4946.680159,1742C1,3M,47.70301189
Cockroach Creek,HC38,7384.436153,1789,3M,2565.03042
Cockroach Creek,HC38,7384.436153,1788,3F,2556.51004
Cockroach Creek,HC38,7384.436153,1778,2,2262.895693
Piney Point Creek,HC39,17740.8983,1789,3M,9854.867405
Piney Point Creek,HC39,17740.8983,1792,3F,5839.236231
Piney Point Creek,HC39,17740.8983,1816,3F,1316.899239
Piney Point Creek,HC39,17740.8983,1797B,2,729.8954254
Coon Hammock Creek,HC40,2419.870676,1609,3M,2419.870676
,HC41,1822.096559,1621G,3M,1822.096559
Boat Bayou,HC42,1751.942106,1566,2,1751.942106
Gun Branch,HC44,765.6897642,1609,3M,765.6897642
John Branch,HC45,1127.321418,1609,3M,929.4584493
John Branch,HC45,1127.321418,1558G,2,197.862969
Multicolor Creek,HC46,914.3775368,1584A1,3M,914.3775368
Gibsonton Creek,HC48,2573.70288,1664,3M,2573.70288
Dug Creek,HC49,2200.443795,1676A,3M,2199.249729
Dug Creek,HC49,2200.443795,1558D,3M,1.194066455
Kitchen Branch,HC50,1016.814935,1682,3M,1016.320395
Kitchen Branch,HC50,1016.814935,1558D,3M,0.494540428
Sims Branch,HC51,1649.363729,1691,3M,1649.363729
Andrews Creek,HC52,1041.569451,1778,2,1041.569451
,HC53,1506.079451,1682,3M,1506.079451
Broad Creek,HC54,2211.083265,1609,3M,2211.083265
,LC01,3518.341973,2082B,3F,316.4623836
,LC01,3518.341973,2093A,3F,1356.779493
,LC01,3518.341973,2065D,2,52.77465029
,LC01,3518.341973,2082B1,3M,1792.325446
Yucca Pen Creek,LC02,6989.08152,2082B,3F,5076.446378
Yucca Pen Creek,LC02,6989.08152,2082B2,3M,1912.635142
Durden Creek,LC03,9039.896373,2082C,3F,2331.537949
Durden Creek,LC03,9039.896373,2082C1,3M,3498.997175
Durden Creek,LC03,9039.896373,2065D,2,1.585443234
Durden Creek,LC03,9039.896373,2082C2,2,3207.775805
,LC04,1565.183637,2082C1,3M,743.1081921
,LC04,1565.183637,2065D,2,822.0754444
Gator Slough,LC05,1938.801604,2065F,2,771.4023919
Gator Slough,LC05,1938.801604,2082C1,3M,1167.399212
,LC06,948.5920771,2065F,2,865.9012402
,LC06,948.5920771,2082C1,3M,82.6908369
,LC07,1143.503983,2065F,2,1143.503983
,LC08,2164.934605,2082C1,3M,2164.934605
,LC09,1570.971625,3240S,3M,357.0442222
,LC09,1570.971625,2065F,2,1213.927403
,LC10,723.3286892,2065F,2,723.3286892
,LC11,1105.060148,3240S,3M,18.00429156
,LC11,1105.060148,2065F,2,1087.055856
,LC13,880.3020232,3240A1,3M,742.2714
,LC13,880.3020232,3240A,3M,138.0306232
,LC17,3723.559691,3240A1,3M,3335.986255
,LC17,3723.559691,3240A,3M,387.5734358
,LC19,2945.387643,3240A1,3M,2889.723622
,LC19,2945.387643,3240A,3M,55.66402098
Hancock Creek/Yellow Fever Creek,LC20,17597.55124,3.24E+04,3M,10748.92011
Hancock Creek/Yellow Fever Creek,LC20,17597.55124,3240E,3F,6848.631131
Powell Creek,LC21,12186.92013,3240A3,3F,1092.430006
Powell Creek,LC21,12186.92013,3240B,3M,18.35710442
Powell Creek,LC21,12186.92013,3240L,3F,8851.458957
Powell Creek,LC21,12186.92013,2082C,3F,532.9896689
Powell Creek,LC21,12186.92013,3240E,3F,1691.684397
,LC22,7668.585323,3240B,3M,7668.585323
Daughtrey Creek,LC23,7057.025276,3240F,3F,6380.163705
Daughtrey Creek,LC23,7057.025276,3240B2,3M,676.8615706
,LC24,4071.943403,3240F,3F,64.37823047
,LC24,4071.943403,3240B1,3F,2463.541362
,LC24,4071.943403,3240B2,3M,1544.02381
,LC25,3184.171936,3240B1,3F,2190.148688
,LC25,3184.171936,3240B2,3M,994.0232481
Popash Creek,LC26,2920.488335,3240Q,3F,2920.488335
Stroud Creek,LC27,4971.190306,3240Q,3F,1462.935041
Stroud Creek,LC27,4971.190306,3240C,3M,13.98212881
Stroud Creek,LC27,4971.190306,3240M,3F,3494.273136
Palm Creek,LC28,2356.375473,3240C1,3F,1716.687187
Palm Creek,LC28,2356.375473,3240C,3M,639.6882859
Owl Creek,LC29,2564.259529,3240G,3F,34.10200143
Owl Creek,LC29,2564.259529,3240N,3F,2530.157528
Trout Creek,LC30,10830.25195,3240G,3F,10073.36404
Trout Creek,LC30,10830.25195,3240C,3M,756.8879135
Telegraph Creek,LC31,3313.1262,3236A,3F,3313.1262
Orange River,LC33,8573.309691,3240K,3F,8145.891858
Orange River,LC33,8573.309691,3240C,3M,427.4178338
Billy Creek,LC35,8639.223456,3240B,3M,46.81419961
Billy Creek,LC35,8639.223456,3240J1,3M,3166.751166
Billy Creek,LC35,8639.223456,3240J2,3F,3878.135885
Billy Creek,LC35,8639.223456,3240J4,3F,28.10371541
Billy Creek,LC35,8639.223456,3240J3,3F,1519.418491
Manuel Branch,LC36,1399.157164,3240A,3M,71.06929815
Manuel Branch,LC36,1399.157164,3240V,3F,1328.087866
Whiskey Creek,LC39,2464.185245,3240H,3F,2464.185245
,LC40,7342.918559,3240A4,3M,5588.04491
,LC40,7342.918559,3240A,3M,1754.873649
,LC43,838.5310727,3240A4,3M,838.5310727
,LC44,2672.212168,3240O,2,2672.212168
Cow Creek,LC45,2099.163926,3258A1,2,2099.163926
Estero River/Halfway Creek,LC48,12932.79754,3258D1,3M,9093.952606
Estero River/Halfway Creek,LC48,12932.79754,3258D3,3F,2793.361281
Estero River/Halfway Creek,LC48,12932.79754,3258I,3M,30.73107442
Estero River/Halfway Creek,LC48,12932.79754,3258D4,3F,1014.752578
,LC49,614.2018712,3258H2,3M,614.2018712
Spring Creek,LC50,5124.316841,3258H3,3F,1913.500307
Spring Creek,LC50,5124.316841,3258H2,3M,3210.816534
Imperial River/Oak Creek,LC51,14112.49973,3258F,3F,2354.523841
Imperial River/Oak Creek,LC51,14112.49973,3258EB,3M,8331.26732
Imperial River/Oak Creek,LC51,14112.49973,3258EC,3F,1667.747183
Imperial River/Oak Creek,LC51,14112.49973,3258EG,3F,1.789813022
Imperial River/Oak Creek,LC51,14112.49973,3258ED,3F,1757.17157
,LC53,1801.864135,3240S,3M,510.2245
,LC53,1801.864135,2065F,2,1291.639635
,LC54,1493.019575,2065F,2,1493.019575
Underhill Creek,LC55,1293.69548,2065F,2,1293.69548
,LC56,2652.562127,2065F,2,2652.562127
,LC57,1208.469084,2065F,2,1085.980385
,LC57,1208.469084,2065H1,2,122.488699
,LC58,928.9744541,2065H1,2,928.9744541
Mud Creek,LC59,3049.441981,3258C4,3M,3049.244476
Mud Creek,LC59,3049.441981,3258I,3M,0.197504716
,LC60,1970.522311,3258C4,3M,1970.522311
Clark Creek,MC01,11123.67779,1792,3F,2009.525124
Clark Creek,MC01,11123.67779,1816,3F,649.7137901
Clark Creek,MC01,11123.67779,1797B,2,8464.438876
Frog Creek,MC02,23788.09597,1825A,3M,4653.439778
Frog Creek,MC02,23788.09597,1823,3F,581.8473432
Frog Creek,MC02,23788.09597,1816,3F,3997.910323
Frog Creek,MC02,23788.09597,1797B,2,2072.483701
Frog Creek,MC02,23788.09597,1825B,3F,12212.32892
Frog Creek,MC02,23788.09597,1797A,2,270.085899
,MC03,3575.809114,1841,3F,863.3288699
,MC03,3575.809114,1797A,2,2712.480244
McMullen Creek,MC04,3921.930097,1841,3F,3891.061474
McMullen Creek,MC04,3921.930097,1797A,2,30.86862238
,MC05,3161.825166,1797A,2,3161.825166
Palmetto Creek,MC06,2749.340312,1797A,2,2749.340312
King Creek,MC07,1896.494371,1797A,2,1896.494371
Memphis Creek,MC08,2133.636575,1797A,2,2133.636575
,MC09,7326.511211,1848A,3M,5981.732371
,MC09,7326.511211,1797A,2,1344.778841
,MC10,4920.060272,1848B,3M,1741.908885
,MC10,4920.060272,1848A,3M,3178.151387
,MC11,8010.75318,1841,3F,888.9555353
,MC11,8010.75318,1848B,3M,7121.797645
,MC12,6060.938541,1848B,3M,89.86472856
,MC12,6060.938541,1850,3F,5971.073813
Mill Creek,MC13,41269.94046,1872A,3M,2513.225167
Mill Creek,MC13,41269.94046,1872B,3F,37162.81733
Mill Creek,MC13,41269.94046,1909,1,1557.958321
Mill Creek,MC13,41269.94046,1807F,3M,35.93964392
Gates Creek,MC14,16457.83804,1848B,3M,957.4574807
Gates Creek,MC14,16457.83804,1874,3F,15500.38056
,MC15,3164.85534,1848B,3M,3164.85534
,MC16,2348.756911,1848B,3M,2348.756911
,MC17,12328.1688,1848B,3M,10010.6926
,MC17,12328.1688,1875,3F,2317.476197
,MC19,5891.759973,1848B,3M,5891.759973
,MC20,1675.166378,1848B,3M,1675.166378
,MC21,3931.830628,1848B,3M,3547.289133
,MC21,3931.830628,1875,3F,384.5414951
,MC22,2174.79696,1848B,3M,1662.45395
,MC22,2174.79696,1875,3F,512.3430101
Cypress Strand,MC23,13824.9159,1876,3M,1224.51606
Cypress Strand,MC23,13824.9159,1848B,3M,716.8828779
Cypress Strand,MC23,13824.9159,1875,3F,11883.51696
,MC24,4416.639298,1848B,3M,3745.014527
,MC24,4416.639298,1875,3F,671.6247716
,MC26,791.6149334,1876,3M,791.6149334
,MC27,989.1844136,1876,3M,989.1844136
,MC28,4134.29781,1876,3M,4134.29781
Gap Creek,MC29,6430.440287,1876,3M,327.980638
Gap Creek,MC29,6430.440287,1899,3F,5350.581685
Gap Creek,MC29,6430.440287,1876A,3M,751.8779636
Sugarhouse Creek,MC30,10121.20626,1848D1,3M,540.5619071
Sugarhouse Creek,MC30,10121.20626,1876,3M,70.27747026
Sugarhouse Creek,MC30,10121.20626,1848D2,3F,958.9592803
Sugarhouse Creek,MC30,10121.20626,1848A,3M,355.9465786
Sugarhouse Creek,MC30,10121.20626,1887,3M,8195.461022
,MC31,1505.288854,1876,3M,1505.288854
Wares Creek,MC32,11436.84366,1848D1,3M,1774.119893
Wares Creek,MC32,11436.84366,1888A,3M,470.1456915
Wares Creek,MC32,11436.84366,1848D2,3F,8699.028097
Wares Creek,MC32,11436.84366,1848A,3M,493.5499748
,MC33,1335.239113,1848A,3M,1335.239113
Wares Creek,MC34,8756.033072,1888A,3M,1180.612775
Wares Creek,MC34,8756.033072,1885A,3M,7575.420297
Palma Sola Creek,MC35,2994.45699,1888B,3M,2994.45699
,MC36,5053.359946,1888A,3M,4858.949518
,MC36,5053.359946,1883,2,194.4104283
,MC37,1412.449205,1888A,3M,1412.449205
Cedar Hammock Creek,MC38,8816.809027,1888A,3M,8816.809027
Bowlees Creek,MC39,23700.32475,1896,3M,13219.64346
Bowlees Creek,MC39,23700.32475,1899,3F,10480.68129
,MC40,2777.806059,1888A,3M,2741.93869
,MC40,2777.806059,1968B,2,35.86736935
,MC41,2360.863505,1888A,3M,2360.863505
,MC42,957.6296844,1888A,3M,957.6296844
,MC43,3517.539609,1868,2,3514.042664
,MC43,3517.539609,1883,2,3.496945604
Williams Creek,MC44,8486.959516,1901,3F,8486.959516
Little Redfish Creek,MC45,431.6753039,1797B,2,431.3177282
Little Redfish Creek,MC45,431.6753039,1558BZ,2,0.35757574
Peterson Creek,MC46,958.2164065,1797A,2,958.2164065
,MC47,661.1679053,1888A,3M,661.1679053
,MC48,790.905147,1888A,3M,772.7498293
,MC48,790.905147,1968B,2,18.15531772
,PC01,8270.345318,1618C,3M,138.9404712
,PC01,8270.345318,1618D,3F,8131.404847
Cross Bayou,PC02,8161.472478,1662,3M,6.446003268
Cross Bayou,PC02,8161.472478,1641,3M,7486.168019
Cross Bayou,PC02,8161.472478,1625,3M,668.8584552
,PC03,5322.18113,1662,3M,2685.909807
,PC03,5322.18113,1662A,3F,2636.271323
Saint Joes Creek,PC04,10306.83471,1668A,3F,1085.320322
Saint Joes Creek,PC04,10306.83471,1668E,3M,4841.857204
Saint Joes Creek,PC04,10306.83471,1668D,3F,2235.185802
Saint Joes Creek,PC04,10306.83471,1641,3M,12.18965088
Saint Joes Creek,PC04,10306.83471,1668B,3F,2132.281728
Bear Creek,PC05,3015.232327,1701A,3F,2221.377721
Bear Creek,PC05,3015.232327,1701B,3M,793.8546052
,PC06,2351.489187,1716B,3F,1810.179365
,PC06,2351.489187,1716D,3M,541.309822
,PC07,2702.221074,1716A,3F,2112.207492
,PC07,2702.221074,1716D,3M,367.750807
,PC07,2702.221074,1716C1,3M,222.2627754
,PC08,2873.682338,1731,3F,1139.930295
,PC08,2873.682338,1731A,3F,17.50611931
,PC08,2873.682338,1716D,3M,325.8514682
,PC08,2873.682338,1716C1,3M,1390.394455
Bayou Creek,PC09,1895.459769,1709D,3F,1895.459769
Booker Creek,PC12,5004.555378,1709B,2,45.60745363
Booker Creek,PC12,5004.555378,1696,3F,4958.947925
,PC13,1638.339777,1661B,3M,1638.339777
Turners Creek,PC14,7249.706505,1661I,3F,482.5515477
Turners Creek,PC14,7249.706505,1661A,2,15.28726327
Turners Creek,PC14,7249.706505,1661E,3M,5026.672115
Turners Creek,PC14,7249.706505,1661H,3F,1725.195579
Tinney Creek,PC15,4454.356087,1661D,3M,4299.380545
Tinney Creek,PC15,4454.356087,1661E,3M,154.9755416
Cross Bayou,PC16,4952.366196,1625,3M,4952.366196
Long Branch,PC17,5174.205376,1627,3F,3891.503479
Long Branch,PC17,5174.205376,1627B,3M,1282.701896
Allen Creek,PC18,10510.66839,1604B1,3F,4203.688778
Allen Creek,PC18,10510.66839,1558H,2,0.901260676
Allen Creek,PC18,10510.66839,1604B2,3F,2100.752946
Allen Creek,PC18,10510.66839,1604,3M,4205.325407
Mullet Creek,PC19,3020.496886,1575A,3F,2308.610969
Mullet Creek,PC19,3020.496886,1575,3M,711.8859177
Bishop Creek,PC20,4420.262461,1569A,3F,3396.7281
Bishop Creek,PC20,4420.262461,1569,3M,1023.534362
Mobbly Bayou,PC21,1060.281932,1558I,2,6.11915909
Mobbly Bayou,PC21,1060.281932,1546,3M,1054.162772
,PC22,873.7287263,1528B,3M,873.7287263
,PC23,1564.556168,1694B,3M,0.122667168
,PC23,1564.556168,1668F,3F,1564.433501
Moccasin Creek,PC24,2210.587195,1530,3M,2210.587195
Grassy Creek,PC25,1472.067343,1558H,2,1472.067343
Briar Creek,PC26,2635.731707,1541C,3F,2171.746471
Briar Creek,PC26,2635.731707,1541A,3M,463.9852363
Whitaker Bayou,SC01,2520.86094,1936,3M,1694.216377
Whitaker Bayou,SC01,2520.86094,1936A,3F,826.6445627
Hudson Bayou,SC02,3892.811718,1953,3M,2094.153951
Hudson Bayou,SC02,3892.811718,1953A,3F,1788.991631
Hudson Bayou,SC02,3892.811718,1968C,2,9.66613619
Phillippi Creek,SC03,17088.52605,1937,3F,5457.730164
Phillippi Creek,SC03,17088.52605,1947,3M,11630.79589
Mathaney Creek,SC04,940.3395536,1975B,3F,39.5678143
Mathaney Creek,SC04,940.3395536,1975,3F,900.7717393
Clower Creek,SC06,1393.293269,1975A,3F,1393.293269
Catfish/North Creek,SC07,6090.317573,1984,3F,2497.975835
Catfish/North Creek,SC07,6090.317573,1984AB,3F,1186.900916
Catfish/North Creek,SC07,6090.317573,1984AA,3F,826.3822625
Catfish/North Creek,SC07,6090.317573,1984A,3M,1579.05856
South Creek,SC08,8749.20744,1985,3F,131.5056248
South Creek,SC08,8749.20744,1982A,3M,1991.038915
South Creek,SC08,8749.20744,1982,3F,4158.604608
South Creek,SC08,8749.20744,1982B,3F,2468.058292
Shakett Creek,SC12,5458.227396,2002,3M,1148.613303
Shakett Creek,SC12,5458.227396,1924,3F,232.4545392
Shakett Creek,SC12,5458.227396,1924A,3M,1410.69585
Shakett Creek,SC12,5458.227396,1994,3F,2351.081561
Shakett Creek,SC12,5458.227396,1924B,3F,315.3821433
Curry Creek,SC14,10473.19404,2018A,3M,1059.854247
Curry Creek,SC14,10473.19404,2016,3F,348.4074835
Curry Creek,SC14,10473.19404,2009B,3M,7377.174079
Curry Creek,SC14,10473.19404,2009C,3F,1687.758227
Hatchett Creek,SC15,3679.060789,2015,3M,2422.879091
Hatchett Creek,SC15,3679.060789,2015A,3F,1256.181698
Alligator Creek Sarasota,SC17,4382.990611,1983A1,3M,25.64055567
Alligator Creek Sarasota,SC17,4382.990611,2030,3M,4357.350055
,SC20,1380.496614,2042,3F,1047.241384
,SC20,1380.496614,1983A1,3M,333.2552292
Forked Creek,SC22,9047.275904,2039,3M,9047.276585
Gottfried Creek,SC25,7936.003601,2049,3M,7405.380364
Gottfried Creek,SC25,7936.003601,1983B,2,530.6232377
,SC26,1262.165161,1991C,2,1262.165161
,SC27,1021.677631,1991E,3M,1021.677631
,SC28,1459.023934,2038,3F,1374.791359
,SC28,1459.023934,1991E,3M,84.23257482
,SC29,1703.007244,1991E,3M,78.83820917
,SC29,1703.007244,2037,3F,1624.169035
,SC30,1882.432117,1991E,3M,55.57910837
,SC30,1882.432117,2036,3F,1826.853009
,SC31,3004.588292,1991E,3M,47.7056077
,SC31,3004.588292,2034,3F,2956.882684
,SC32,2501.98736,1991E,3M,66.3168741
,SC32,2501.98736,2031,3F,2435.670486
,SC33,2661.009103,2029,3F,2550.828955
,SC33,2661.009103,1991E,3M,19.99863836
,SC33,2661.009103,2031,3F,90.18150936
,SC34,3524.709056,2011,3F,3457.53216
,SC34,3524.709056,1991G,3M,67.17689646
,SC35,4763.780725,2006,3F,4763.780725
,SC37,2565.828023,1991E,3M,2097.644418
,SC37,2565.828023,1991C,2,468.1836047
Little Salt Creek (warm mineral Sping),SC38,13090.99798,2014,3F,1557.551566
Little Salt Creek (warm mineral Sping),SC38,13090.99798,2026,3M,11307.47134
Little Salt Creek (warm mineral Sping),SC38,13090.99798,1991C,2,213.2371964
Little Salt Creek (warm mineral Sping),SC38,13090.99798,2026A,3M,12.73788808
,SC39,1540.791403,1991C,2,1540.791403
Big Slough Canal,SC40,12315.67771,1976B,1,2953.857689
Big Slough Canal,SC40,12315.67771,2014,3F,3264.632407
Big Slough Canal,SC40,12315.67771,1976C,3M,6097.187619
,SC41,498.0374927,1991B,2,498.0374927
,SC42,1608.035141,1991B,2,1608.035141
,SC43,11343.6496,1991B,2,8362.261012
,SC43,11343.6496,2057,3F,2981.388583
Snead Creek,PC27,499.2009894,1479,3M,499.2002203
Curlew Creek,PC28,3927.705419,1538A,3F,2293.291593
Curlew Creek,PC28,3927.705419,1550,3F,44.35744138
Curlew Creek,PC28,3927.705419,1538,3M,1590.055881
Cedar Creek,PC29,2477.414422,1556,3M,1142.63792
Cedar Creek,PC29,2477.414422,1556A,3F,1334.772975
Cedar Creek,PC29,2477.414422,1528C,3M,0.003582857
Stevenson Creek,PC30,4319.190481,1567C,3F,2512.921159
Stevenson Creek,PC30,4319.190481,1567,3M,1806.269322
McKay Creek,PC31,3516.482427,1633,3M,1391.278991
McKay Creek,PC31,3516.482427,1633B,3F,2125.203437
Church Creek,PC32,2487.506198,1643,3F,2487.50594
Salt Creek,PC10,2400.506401,1709,2,40.97319372
Salt Creek,PC10,2400.506401,1731B,3M,2172.882772
Salt Creek,PC10,2400.506401,1731,3F,158.1851877
Salt Creek,PC10,2400.506401,1558B,2,28.46524746
Lee Creek,HC47,1484.032638,1637,3M,1483.799219
Lee Creek,HC47,1484.032638,1558E,3M,0.233418774
Deer Prairie Creek,SC36,10954.97614,1978,3F,10936.28075
Deer Prairie Creek,SC36,10954.97614,1991E,3M,18.69539159
,CC95,562.8138194,2060A2,2,562.8138194
,CC27,2206.763034,2060A2,2,239.5362012
,CC27,2206.763034,2060A1,2,1967.226833
Elkcam Waterway,CC106,2305.237728,2056E,3M,2305.237728
Olman Waterway,CC107,1305.094126,2056E,3M,1305.094126
Desoto Canal,CC108,1304.596709,2056E,3M,1304.596709
,CC63,1212.485216,2073,3M,1198.403903
,CC63,1212.485216,2065B,2,14.08131349
,CC109,1547.65541,2073,3M,1538.663206
,CC109,1547.65541,2065B,2,8.992204115
,CC110,1106.432573,2073,3M,1031.061854
,CC110,1106.432573,2065B,2,75.37071921
Alligator Creek,CC65,13876.70705,2074,1,2344.036811
Alligator Creek,CC65,13876.70705,2077,3F,754.5789763
Alligator Creek,CC65,13876.70705,2074B,3M,10778.09126
,CC111,3290.416545,2077,3F,941.4246854
,CC111,3290.416545,2074B,3M,63.91365243
,CC111,3290.416545,2065B,2,2285.078207
Whidden Branch/Alligator Creek,CC66,27428.18425,2077,3F,13918.40898
Whidden Branch/Alligator Creek,CC66,27428.18425,2081,3F,11250.43505
Whidden Branch/Alligator Creek,CC66,27428.18425,2074B,3M,486.6653385
Whidden Branch/Alligator Creek,CC66,27428.18425,2065B,2,1772.674879
Bee Branch,PC34,5023.210441,1527B,3F,4950.821527
Bee Branch,PC34,5023.210441,1527A,3M,72.38891423
Innisbrook Canal,PC33,5361.770995,1508,3M,4481.532893
Innisbrook Canal,PC33,5361.770995,1508A,3F,879.7999436
Innisbrook Canal,PC33,5361.770995,8045D,3M,0.4381585
Minnow Creek,PC35,1004.195171,1535,3M,1004.195171
Spring Branch,PC36,3740.84549,1567B,3F,3154.692493
Spring Branch,PC36,3740.84549,1567,3M,586.1529966
Rattlesnake Creek,PC37,1051.18305,1528,3M,7.880102901
Rattlesnake Creek,PC37,1051.18305,1614,3F,1043.302947
Hendry Creek,LC46,16814.58232,3258B2,3M,16400.3049
Hendry Creek,LC46,16814.58232,3258X,3F,414.2774254
Mullock Creek,LC47,14480.56339,3258C4,3M,9890.954768
Mullock Creek,LC47,14480.56339,3258C2,3F,4585.758722
Mullock Creek,LC47,14480.56339,3258D3,3F,3.849903772
Thornton Branch,DC10,10515.53769,2008,3F,10090.01962
Thornton Branch,DC10,10515.53769,2035,3F,425.5180701
,DC02,1546.200358,1623A,3F,1546.200358
